,H0,Likelihood-d44-vp310,marginal-vp,marginal-vp-flat,posterior-volumetric,posterior-flat
0,40.0,0.0,0.0,0.0,0.0,0.0
1,40.22044088176353,0.0,0.0,0.0,0.0,0.0
2,40.44088176352705,0.0,0.0,0.0,0.0,0.0
3,40.66132264529058,0.0,0.0,0.0,0.0,0.0
4,40.881763527054105,0.0,0.0,0.0,0.0,0.0
5,41.102204408817634,0.0,0.0,0.0,0.0,0.0
6,41.322645290581164,0.0,0.0,0.0,0.0,0.0
7,41.54308617234469,0.0,0.0,0.0,0.0,0.0
8,41.763527054108216,0.0,0.0,0.0,0.0,0.0
9,41.983967935871746,0.0,0.0,0.0,0.0,0.0
10,42.20440881763527,0.0,0.0,0.0,0.0,0.0
11,42.4248496993988,0.0,0.0,0.0,0.0,0.0
12,42.64529058116233,0.0,0.0,0.0,0.0,0.0
13,42.86573146292585,0.0,0.0,0.0,0.0,0.0
14,43.08617234468938,0.0,0.0,0.0,0.0,0.0
15,43.3066132264529,0.0,0.0,0.0,0.0,0.0
16,43.52705410821643,0.0,0.0,0.0,0.0,0.0
17,43.74749498997996,0.0,0.0,0.0,0.0,0.0
18,43.967935871743485,0.0,0.0,0.0,0.0,0.0
19,44.188376753507015,0.0,0.0,0.0,0.0,0.0
20,44.40881763527054,0.0,0.0,0.0,0.0,0.0
21,44.62925851703407,0.0,0.0,0.0,0.0,0.0
22,44.8496993987976,0.0,0.0,0.0,0.0,0.0
23,45.07014028056112,0.0,0.0,0.0,0.0,0.0
24,45.29058116232465,0.0,0.0,0.0,0.0,0.0
25,45.51102204408818,0.0,0.0,0.0,0.0,0.0
26,45.7314629258517,0.0,0.0,0.0,0.0,0.0
27,45.95190380761523,0.0,0.0,0.0,0.0,0.0
28,46.17234468937876,0.0,0.0,0.0,0.0,0.0
29,46.392785571142284,0.0,0.0,0.0,0.0,0.0
30,46.61322645290581,2.90604e-319,5.296384e-318,4.7506343644e-314,0.0,0.0
31,46.833667334669336,1.2135437653324769e-304,2.2018259950747757e-303,1.9744909993711755e-299,0.0,0.0
32,47.054108216432866,1.627554722902131e-290,2.93916367026999e-289,2.6356997444885555e-285,0.0,0.0
33,47.274549098196395,7.204510684131192e-277,1.2949792590762353e-275,1.1612747315809328e-271,0.0,0.0
34,47.49498997995992,1.0809643598171575e-263,1.9339680405447515e-262,1.7342889482043004e-258,0.0,0.0
35,47.71543086172345,5.641608587522649e-251,1.0046847728112621e-249,9.009526845257097e-246,0.0,0.0
36,47.93587174348697,1.0503459042534577e-238,1.8619046421842084e-237,1.6696659799201243e-233,0.0,0.0
37,48.1563126252505,7.14937062462877e-227,1.2615379060864415e-225,1.1312861445477873e-221,0.0,0.0
38,48.37675350701403,1.8222213408555722e-215,3.2007380046132575e-214,2.8702669491553116e-210,0.0,0.0
39,48.59719438877755,1.7801464357859148e-204,3.112649716565337e-203,2.7912736352923198e-199,0.0,0.0
40,48.81763527054108,6.818589541109132e-194,1.1868710256394866e-192,1.0643284995188805e-188,4.0447356232993435e-191,4.0447356232993435e-191
41,49.03807615230461,1.0469540364375769e-183,1.8141780583458468e-182,1.626867089167461e-178,3.853070790201847e-181,3.853070790201847e-181
42,49.258517034068134,6.5844484182069205e-174,1.1358573300807253e-172,1.0185818860486301e-168,1.5152729924325964e-171,1.5152729924325964e-171
43,49.478957915831664,1.7321915149237896e-164,2.974822658451086e-163,2.667676999443193e-159,2.51189486957086e-162,2.51189486957086e-162
44,49.699398797595194,1.94559100894025e-155,3.326489320922784e-154,2.9830346441355883e-150,1.7912999163687124e-153,1.7912999163687124e-153
45,49.91983967935872,9.518221283028081e-147,1.6201989017568427e-145,1.4529159687758647e-141,5.605283303333968e-145,5.605283303333968e-145
46,50.140280561122246,2.0680431452150356e-138,3.504762178640434e-137,3.1429011157746077e-133,7.846542564197795e-137,7.846542564197795e-137
47,50.360721442885776,2.033768876872233e-130,3.431589830643585e-129,3.077283695122016e-125,5.00712951097041e-129,5.00712951097041e-129
48,50.5811623246493,9.221767773089964e-123,1.5492128643212104e-121,1.3892591256323981e-117,1.4835506054208806e-121,1.4835506054208806e-121
49,50.80160320641282,1.963040601715287e-115,3.283504246902343e-114,2.9444877099316516e-110,2.0777495037645396e-114,2.0777495037645396e-114
50,51.02204408817635,1.9965676564203013e-108,3.3251550108994555e-107,2.98183809947796e-103,1.399722785049164e-107,1.399722785049164e-107
51,51.24248496993988,9.870206146644656e-102,1.6367477744887477e-100,1.4677561969918889e-96,4.613617446287934e-101,4.613617446287934e-101
52,51.4629258517034,2.4116795798218636e-95,3.9820879748976297e-94,3.5709437906207213e-90,7.564874214419107e-95,7.564874214419107e-95
53,51.68336673346693,2.9603905400517415e-89,4.8672530886547146e-88,4.36471702882403e-84,6.271256928217776e-89,6.271256928217776e-89
54,51.90380761523046,1.8549205051696685e-83,3.036769310727131e-82,2.723227759418699e-78,2.6702973634028508e-83,2.6702973634028508e-83
55,52.124248496993985,6.025460219580392e-78,9.82281885384481e-77,8.808628592247769e-73,5.930730958151578e-78,5.930730958151578e-78
56,52.344689378757515,1.0301987915154114e-72,1.6723767733540711e-71,1.4997065589794164e-67,6.974746931101402e-73,6.974746931101402e-73
57,52.565130260521045,9.40881800134435e-68,1.5209783808998248e-66,1.3639398072520522e-62,4.4074720521433335e-68,4.4074720521433335e-68
58,52.78557114228457,4.6568700797952996e-63,7.496604771969264e-62,6.722592376148975e-58,1.5181209744882854e-63,1.5181209744882854e-63
59,53.0060120240481,1.266802115912691e-58,2.0308103471079886e-57,1.8211324422384248e-53,2.890304462637591e-59,2.890304462637591e-59
60,53.22645290581163,1.9201830260754258e-54,3.065496463206197e-53,2.7489888795682286e-49,3.0833301553631196e-55,3.0833301553631196e-55
61,53.44689378757515,1.643676810624377e-50,2.613242280422978e-49,2.3434292143944568e-45,1.8677248012983698e-51,1.8677248012983698e-51
62,53.66733466933868,8.050305153316744e-47,1.274641440864911e-45,1.1430367604174835e-41,6.508217479582234e-48,6.508217479582234e-48
63,53.88777555110221,2.2849581992719094e-43,3.603078474577819e-42,3.2310664121486686e-38,1.321218734894764e-44,1.321218734894764e-44
64,54.10821643286573,3.805681659474904e-40,5.976610547079596e-39,5.359535112380545e-35,1.5820872671512636e-41,1.5820872671512636e-41
65,54.328657314629254,3.765033967088338e-37,5.888784272512893e-36,5.28077675952789e-32,1.1310639530345912e-38,1.1310639530345912e-38
66,54.549098196392784,2.2390494469688615e-34,3.487882351782546e-33,3.1277641039142714e-29,4.8852754838619486e-36,4.8852754838619486e-36
67,54.76953907815631,8.098108170762124e-32,1.2564065899950726e-30,1.1266846285969353e-26,1.2896660077800744e-33,1.2896660077800744e-33
68,54.989979959919836,1.8017647476856372e-29,2.7841988018734606e-28,2.496734749728697e-24,2.104775673556003e-31,2.104775673556003e-31
69,55.210420841683366,2.4940074673346007e-27,3.8385076462914567e-26,3.4421879002125785e-22,2.1476652085098617e-29,2.1476652085098617e-29
70,55.430861723446895,2.1718146410348935e-25,3.329330003103258e-24,2.9855820304458445e-20,1.3855711997340146e-27,1.3855711997340146e-27
71,55.65130260521042,1.2031201866742178e-23,1.837043320199257e-22,1.6473715494784998e-18,5.716151333448617e-26,5.716151333448617e-26
72,55.87174348697395,4.288079280235288e-22,6.5216321741934824e-21,5.84828413233317e-17,1.5256271386328932e-24,1.5256271386328932e-24
73,56.09218436873748,9.949043275050926e-21,1.5071784825139577e-19,1.3515647261983806e-15,2.667062041342042e-23,2.667062041342042e-23
74,56.312625250501,1.5217519796206094e-19,2.2962745858459838e-18,2.059187924922147e-14,3.096000712783125e-22,3.096000712783125e-22
75,56.53306613226453,1.5563452828686712e-18,2.3393172932792655e-17,2.0977865419816642e-13,2.4246934327790554e-21,2.4246934327790554e-21
76,56.75350701402806,1.0822582948940296e-17,1.6204063554447727e-16,1.45310200320389e-12,1.3062241010748235e-20,1.3062241010748235e-20
77,56.97394789579158,5.22387749126346e-17,7.791164742909226e-16,6.986739503441037e-12,4.961036150355725e-20,4.961036150355725e-20
78,57.19438877755511,1.7972678735491645e-16,2.6702080834087453e-15,2.3945133897647858e-11,1.3721646745968316e-19,1.3721646745968316e-19
79,57.41482965931864,4.566299573064122e-16,6.758122155543527e-15,6.060356903143228e-11,2.890785752164636e-19,2.890785752164636e-19
80,57.635270541082164,9.00560291831761e-16,1.3277312462698688e-14,1.1906451287285755e-10,4.953926586722345e-19,4.953926586722345e-19
81,57.85571142284569,1.4838797309683706e-15,2.1794062023919217e-14,1.9543860142546928e-10,7.586163289556825e-19,7.586163289556825e-19
82,58.07615230460922,2.258332864523954e-15,3.3042723581774416e-14,2.963111547091512e-10,1.1517723451900757e-18,1.1517723451900757e-18
83,58.296593186372746,3.4922119777810976e-15,5.090297205667537e-14,4.564732199182464e-10,1.83094048630965e-18,1.83094048630965e-18
84,58.51703406813627,5.651040184350155e-15,8.206005578879662e-14,7.35874868973799e-10,2.9678485644589323e-18,2.9678485644589323e-18
85,58.7374749498998,9.160959700984875e-15,1.3252915166970517e-13,1.1884572973135579e-09,4.610498072324089e-18,4.610498072324089e-18
86,58.95791583166333,1.4006024277968517e-14,2.0186381199033269e-13,1.8102169779321328e-09,6.563502468609597e-18,6.563502468609597e-18
87,59.17835671342685,1.9505171305923426e-14,2.800738656677914e-13,2.511566891103787e-09,8.48876727430495e-18,8.48876727430495e-18
88,59.39879759519038,2.480409745671179e-14,3.548391199892364e-13,3.1820255106931915e-09,1.0268652198163655e-17,1.0268652198163655e-17
89,59.61923847695391,2.993046317803985e-14,4.2659202418893493e-13,3.825470832158004e-09,1.2273292212625171e-17,1.2273292212625171e-17
90,59.83967935871743,3.62429334305442e-14,5.146592724658518e-13,4.615215296303337e-09,1.5148914984356794e-17,1.5148914984356794e-17
91,60.06012024048096,4.554920861468151e-14,6.444368358818814e-13,5.778997681734615e-09,1.9387164247603757e-17,1.9387164247603757e-17
92,60.28056112224449,5.910250161414526e-14,8.331329201418917e-13,7.47113284964248e-09,2.5337681144375202e-17,2.5337681144375202e-17
93,60.501002004008015,7.809043447681978e-14,1.0967837060511245e-12,9.835425509095974e-09,3.363595270336548e-17,3.363595270336548e-17
94,60.721442885771545,1.0476214834236267e-13,1.466047464348098e-12,1.3154795281661707e-08,4.5165194066472166e-17,4.5165194066472166e-17
95,60.941883767535074,1.4165583419737474e-13,1.9751692219365624e-12,1.7723127929400466e-08,6.025353156936415e-17,6.025353156936415e-17
96,61.1623246492986,1.8915691038639378e-13,2.627991440066904e-12,2.358205321906175e-08,7.827855827478421e-17,7.827855827478421e-17
97,61.38276553106212,2.452682262471263e-13,3.3953187931152322e-12,3.046753087320191e-08,9.864446938911437e-17,9.864446938911437e-17
98,61.60320641282565,3.0917829053268457e-13,4.264728537057817e-12,3.826908643515538e-08,1.2213113748309332e-16,1.2213113748309332e-16
99,61.82364729458918,3.8465781320240427e-13,5.286955484247465e-12,4.744193086321688e-08,1.509925139406411e-16,1.509925139406411e-16
100,62.0440881763527,4.79312467678713e-13,6.56453604905307e-12,5.8906163729993945e-08,1.8783640812245535e-16,1.8783640812245535e-16
101,62.26452905811623,6.010714128988283e-13,8.2029692554685e-12,7.360846926942171e-08,2.346692598318404e-16,2.346692598318404e-16
102,62.48496993987976,7.560100302680574e-13,1.0281055661207919e-11,9.225595587728624e-08,2.9298783554076385e-16,2.9298783554076385e-16
103,62.705410821643284,9.493634450869095e-13,1.286510117473578e-11,1.1544361254764389e-07,3.6467418643799113e-16,3.6467418643799113e-16
104,62.92585170340681,1.1883545411081942e-12,1.6047324907955712e-11,1.439989576403966e-07,4.524286951517179e-16,4.524286951517179e-16
105,63.14629258517034,1.4824166749026594e-12,1.9948403862547613e-11,1.790048733525926e-07,5.583191651259589e-16,5.583191651259589e-16
106,63.366733466933866,1.8374764901681736e-12,2.4640311244925582e-11,2.2110674833367972e-07,6.817294869814928e-16,6.817294869814928e-16
107,63.587174348697395,2.2507286978741904e-12,3.007733410764325e-11,2.698951923529877e-07,8.202433279604538e-16,8.202433279604538e-16
108,63.807615230460925,2.7159441514166593e-12,3.616879498909121e-11,3.245561540068768e-07,9.731240891610821e-16,9.731240891610821e-16
109,64.02805611222445,3.2340886748019824e-12,4.292075223279165e-11,3.851439970825231e-07,1.1424384999781883e-15,1.1424384999781883e-15
110,64.24849699398797,3.813830253557786e-12,5.0441048470198476e-11,4.5262643393288823e-07,1.3303308609077934e-15,1.3303308609077934e-15
111,64.46893787575151,4.461926424229384e-12,5.881087046736404e-11,5.277319838396939e-07,1.5368008018345579e-15,1.5368008018345579e-15
112,64.68937875751503,5.178191737479838e-12,6.801909747724804e-11,6.103608561715361e-07,1.7604535682516493e-15,1.7604535682516493e-15
113,64.90981963927855,5.958954579680046e-12,7.800912218321357e-11,7.00005092259019e-07,1.9994370411110815e-15,1.9994370411110815e-15
114,65.13026052104209,6.798697878493854e-12,8.870102637504713e-11,7.959475560474341e-07,2.2504711021556696e-15,2.2504711021556696e-15
115,65.35070140280561,7.686010912139104e-12,9.993933646758241e-11,8.96793124783413e-07,2.508063214205975e-15,2.508063214205975e-15
116,65.57114228456913,8.602250433574458e-12,1.1147694298223428e-10,1.0003243924955248e-06,2.7661524084799658e-15,2.7661524084799658e-15
117,65.79158316633266,9.528359614072814e-12,1.230647066291365e-10,1.1043057389549134e-06,3.020857205107996e-15,3.020857205107996e-15
118,66.0120240480962,1.0453519017583064e-11,1.3456285180704796e-10,1.207482905301793e-06,3.271370034781018e-15,3.271370034781018e-15
119,66.23246492985972,1.1376425419690068e-11,1.4595555343207786e-10,1.30971388712695e-06,3.5181834282779163e-15,3.5181834282779163e-15
120,66.45290581162325,1.2298282377953449e-11,1.572592508515499e-10,1.4111462008556136e-06,3.7604050297671906e-15,3.7604050297671906e-15
121,66.67334669338678,1.321399476286868e-11,1.6840989041241787e-10,1.5112050690508032e-06,3.9941490318627844e-15,3.9941490318627844e-15
122,66.8937875751503,1.4107623364367221e-11,1.7920651245178648e-10,1.6080872053348636e-06,4.212755880159788e-15,4.212755880159788e-15
123,67.11422845691382,1.4954006851823738e-11,1.8933403546128605e-10,1.698965265236242e-06,4.4084943979053494e-15,4.4084943979053494e-15
124,67.33466933867736,1.572508296251244e-11,1.9844489527942425e-10,1.780720425261965e-06,4.574810806567196e-15,4.574810806567196e-15
125,67.55511022044088,1.6397678880013537e-11,2.062575660384419e-10,1.8508264482808005e-06,4.7081931827275236e-15,4.7081931827275236e-15
126,67.77555110220442,1.695976154365663e-11,2.1263384977617258e-10,1.9080432321797013e-06,4.809077729691217e-15,4.809077729691217e-15
127,67.99599198396794,1.741324589515237e-11,2.176116474992619e-10,1.9527108768971252e-06,4.881470155197334e-15,4.881470155197334e-15
128,68.21643286573146,1.777220689630864e-11,2.213798418346129e-10,1.986524297040121e-06,4.9314148271823925e-15,4.9314148271823925e-15
129,68.43687374749499,1.8057284933912615e-11,2.2420640069886139e-10,2.011888069162781e-06,4.965287270822217e-15,4.965287270822217e-15
130,68.65731462925851,1.829005291026315e-11,2.2636739181229166e-10,2.031279452393256e-06,4.9889314001324775e-15,4.9889314001324775e-15
131,68.87775551102204,1.8490488770151417e-11,2.2811567185189488e-10,2.046967424468404e-06,5.007364421118823e-15,5.007364421118823e-15
132,69.09819639278557,1.867575705859443e-11,2.296662728283029e-10,2.060881548216627e-06,5.023979407988961e-15,5.023979407988961e-15
133,69.3186372745491,1.885667299465009e-11,2.3115365853026848e-10,2.0742284176133086e-06,5.039351133433205e-15,5.039351133433205e-15
134,69.53907815631263,1.9033283269818467e-11,2.3257900069170725e-10,2.087018547066058e-06,5.051094331077165e-15,5.051094331077165e-15
135,69.75951903807615,1.9195086291535606e-11,2.3381496779547987e-10,2.0981093431459497e-06,5.0554420059802894e-15,5.0554420059802894e-15
136,69.97995991983967,1.9327445995693922e-11,2.346856294572692e-10,2.105922116573343e-06,5.049386478527465e-15,5.049386478527465e-15
137,70.20040080160321,1.9419332137903563e-11,2.3506091166648023e-10,2.1092896644976095e-06,5.0318661631561624e-15,5.0318661631561624e-15
138,70.42084168336673,1.9467114448647568e-11,2.3490166156639624e-10,2.1078606536603935e-06,5.003528911198571e-15,5.003528911198571e-15
139,70.64128256513027,1.9473115478133775e-11,2.3424082109246353e-10,2.1019306843955513e-06,4.965470117503024e-15,4.965470117503024e-15
140,70.86172344689379,1.94405701288521e-11,2.3312186275404143e-10,2.091889851823665e-06,4.9179079207008e-15,4.9179079207008e-15
141,71.08216432865731,1.9368929118105684e-11,2.3154248240926997e-10,2.0777174800162125e-06,4.860211463143852e-15,4.860211463143852e-15
142,71.30260521042084,1.9255001939981604e-11,2.2946892798359464e-10,2.059110698957454e-06,4.792792888915002e-15,4.792792888915002e-15
143,71.52304609218437,1.910102603217147e-11,2.26932350936992e-10,2.036349042373767e-06,4.719034245253966e-15,4.719034245253966e-15
144,71.7434869739479,1.892154189306337e-11,2.2410923893664564e-10,2.011016200252833e-06,4.6445975585517715e-15,4.6445975585517715e-15
145,71.96392785571142,1.8739169137667424e-11,2.2126931417610376e-10,1.985532490933003e-06,4.574070655235684e-15,4.574070655235684e-15
146,72.18436873747495,1.8570711755664222e-11,2.1861054374689918e-10,1.961674347327449e-06,4.508083611536236e-15,4.508083611536236e-15
147,72.40480961923848,1.8416681894210838e-11,2.161372835767668e-10,1.939480856808376e-06,4.443714648705301e-15,4.443714648705301e-15
148,72.625250501002,1.826437054686251e-11,2.1369914485965523e-10,1.9176025242512744e-06,4.377563147769816e-15,4.377563147769816e-15
149,72.84569138276552,1.810057918962226e-11,2.1114184899252436e-10,1.8946549499252835e-06,4.308428722740045e-15,4.308428722740045e-15
150,73.06613226452906,1.7921595010403006e-11,2.0842329546963687e-10,1.8702603502125664e-06,4.237505894254177e-15,4.237505894254177e-15
151,73.28657314629258,1.7732962016223823e-11,2.0560922080892646e-10,1.845008603527507e-06,4.166684507465249e-15,4.166684507465249e-15
152,73.50701402805612,1.7542273391638515e-11,2.0278826142021553e-10,1.8196950775976067e-06,4.096964964741343e-15,4.096964964741343e-15
153,73.72745490981964,1.7353129200988817e-11,2.0000197128470922e-10,1.7946926518712321e-06,4.028245008561754e-15,4.028245008561754e-15
154,73.94789579158316,1.7164815270369686e-11,1.9724183374066098e-10,1.7699249031503674e-06,3.9601422678609264e-15,3.9601422678609264e-15
155,74.16833667334669,1.6975866749962944e-11,1.9449083295819693e-10,1.7452391420157831e-06,3.892724439952985e-15,3.892724439952985e-15
156,74.38877755511022,1.678686793310438e-11,1.9175556206459231e-10,1.7206945310697168e-06,3.826489428858651e-15,3.826489428858651e-15
157,74.60921843687375,1.6600090082370044e-11,1.89061749497166e-10,1.6965219412236087e-06,3.761895449623778e-15,3.761895449623778e-15
158,74.82965931863728,1.6417487205768835e-11,1.8643121788793803e-10,1.672917195134002e-06,3.6991235084186686e-15,3.6991235084186686e-15
159,75.0501002004008,1.6239866784472435e-11,1.8387255216050727e-10,1.649957328538098e-06,3.638277180856271e-15,3.638277180856271e-15
160,75.27054108216433,1.6067845919497413e-11,1.8139208744227277e-10,1.627699188908543e-06,3.5795793281045556e-15,3.5795793281045556e-15
161,75.49098196392785,1.5902571489740895e-11,1.7900204813380954e-10,1.606252470373573e-06,3.5231023718992394e-15,3.5231023718992394e-15
162,75.71142284569137,1.5744324787030142e-11,1.767048014387689e-10,1.5856384147388147e-06,3.468151288666754e-15,3.468151288666754e-15
163,75.93186372745491,1.558973226441632e-11,1.7446178645234937e-10,1.5655110005523097e-06,3.412915956075565e-15,3.412915956075565e-15
164,76.15230460921843,1.5430354661333203e-11,1.7217836340909945e-10,1.5450209897263643e-06,3.354902646004318e-15,3.354902646004318e-15
165,76.37274549098197,1.52548170373093e-11,1.6972832221364984e-10,1.5230358517699193e-06,3.2920635811453557e-15,3.2920635811453557e-15
166,76.59318637274549,1.5053994963512483e-11,1.6701187334143277e-10,1.4986601378765206e-06,3.2239735285383377e-15,3.2239735285383377e-15
167,76.81362725450902,1.482628655251447e-11,1.640135897730865e-10,1.4717554156191722e-06,3.1522773447289435e-15,3.1522773447289435e-15
168,77.03406813627254,1.457950388215231e-11,1.6082206365480876e-10,1.4431166555312808e-06,3.0800444733090252e-15,3.0800444733090252e-15
169,77.25450901803607,1.4327806164005043e-11,1.57594689483564e-10,1.4141562174277646e-06,3.0103516038721433e-15,3.0103516038721433e-15
170,77.4749498997996,1.40851887835508e-11,1.5448527357448767e-10,1.3862542630230911e-06,2.944908016144787e-15,2.944908016144787e-15
171,77.69539078156313,1.3859246483062389e-11,1.51575874112108e-10,1.3601471311635884e-06,2.8834901195491354e-15,2.8834901195491354e-15
172,77.91583166332666,1.3648677343046793e-11,1.4885059487132962e-10,1.3356921790633408e-06,2.8244076858075858e-15,2.8244076858075858e-15
173,78.13627254509018,1.3445504834574824e-11,1.4622113200852846e-10,1.3120970232360024e-06,2.7655941764387526e-15,2.7655941764387526e-15
174,78.3567134268537,1.3240130352148339e-11,1.4358258477235524e-10,1.2884203499214467e-06,2.70563368136078e-15,2.70563368136078e-15
175,78.57715430861722,1.3026065159525184e-11,1.408648599313761e-10,1.2640331862820948e-06,2.644233928693565e-15,2.644233928693565e-15
176,78.79759519038076,1.2802101177953113e-11,1.380555942899901e-10,1.2388245927299209e-06,2.582097100860969e-15,2.582097100860969e-15
177,79.0180360721443,1.2571708464936572e-11,1.3519287006942896e-10,1.2131362953097861e-06,2.5204732531782925e-15,2.5204732531782925e-15
178,79.23847695390782,1.2340970783671415e-11,1.32342374627775e-10,1.1875577313063027e-06,2.4607132535431237e-15,2.4607132535431237e-15
179,79.45891783567134,1.211650767095741e-11,1.2957479598503284e-10,1.1627232108178294e-06,2.40395072649541e-15,2.40395072649541e-15
180,79.67935871743487,1.190395992945755e-11,1.2694960220388754e-10,1.1391663630603008e-06,2.3508687227548976e-15,2.3508687227548976e-15
181,79.89979959919839,1.1706822302842345e-11,1.2450278159487245e-10,1.117210124633054e-06,2.301504115357085e-15,2.301504115357085e-15
182,80.12024048096193,1.1525425219484566e-11,1.222363663007259e-10,1.0968727307145557e-06,2.255159653822132e-15,2.255159653822132e-15
183,80.34068136272545,1.1356443407191862e-11,1.2011370091072415e-10,1.0778252585654206e-06,2.2105487335426456e-15,2.2105487335426456e-15
184,80.56112224448898,1.1193570020930767e-11,1.1806708230497585e-10,1.0594601827147893e-06,2.166187697845782e-15,2.166187697845782e-15
185,80.78156312625251,1.102944262372076e-11,1.1601844262421173e-10,1.0410769710005142e-06,2.1208672264305734e-15,2.1208672264305734e-15
186,81.00200400801603,1.0857993512844569e-11,1.1390414604730893e-10,1.0221045953480647e-06,2.073965116331977e-15,2.073965116331977e-15
187,81.22244488977955,1.0676040845648734e-11,1.1169143911006514e-10,1.002249146646697e-06,2.025483073655125e-15,2.025483073655125e-15
188,81.44288577154309,1.0483520793971722e-11,1.0938045495733073e-10,9.815118196550585e-07,1.975885359081924e-15,1.975885359081924e-15
189,81.66332665330661,1.0282729467069644e-11,1.0699588138182218e-10,9.601141471905239e-07,1.9259106358574757e-15,1.9259106358574757e-15
190,81.88376753507015,1.0077419516218744e-11,1.0457725542265261e-10,9.384109099240894e-07,1.876460463995384e-15,1.876460463995384e-15
191,82.10420841683367,9.87226750096169e-12,1.021732515174129e-10,9.168388818281177e-07,1.8285334600892307e-15,1.8285334600892307e-15
192,82.3246492985972,9.672553663008426e-12,9.983825385330672e-11,8.95886072598341e-07,1.7831066931186256e-15,1.7831066931186256e-15
193,82.54509018036072,9.483547022387598e-12,9.762595015580387e-11,8.760342423183086e-07,1.7409129464804286e-15,1.7409129464804286e-15
194,82.76553106212424,9.309321501165737e-12,9.557718631148362e-11,8.576499164379058e-07,1.7021680899086367e-15,1.7021680899086367e-15
195,82.98597194388778,9.15127497495441e-12,9.370497267917029e-11,8.40849841783328e-07,1.6663784198701065e-15,1.6663784198701065e-15
196,83.2064128256513,9.007032630730268e-12,9.19836534398017e-11,8.25403799073972e-07,1.6323528596365149e-15,1.6323528596365149e-15
197,83.42685370741484,8.870415524264587e-12,9.034909718306357e-11,8.107363131277337e-07,1.5984659124701302e-15,1.5984659124701302e-15
198,83.64729458917836,8.732759359340094e-12,8.871260084218101e-11,7.960514180792986e-07,1.563107913731904e-15,1.563107913731904e-15
199,83.86773547094188,8.585290876655676e-12,8.698528994848982e-11,7.805516100099482e-07,1.5251719669166316e-15,1.5251719669166316e-15
200,84.0881763527054,8.421783696983764e-12,8.510495906719643e-11,7.636786962378136e-07,1.4844011360886237e-15,1.4844011360886237e-15
201,84.30861723446894,8.240539842765811e-12,8.305569472743597e-11,7.452898792242335e-07,1.441466315614501e-15,1.441466315614501e-15
202,84.52905811623246,8.044956696724703e-12,8.087297122994284e-11,7.25703483165961e-07,1.397744505304969e-15,1.397744505304969e-15
203,84.749498997996,7.84245298532544e-12,7.863221371903773e-11,7.05596326153383e-07,1.3548774295704776e-15,1.3548774295704776e-15
204,84.96993987975952,7.642128967589771e-12,7.642488074100499e-11,6.857891000022526e-07,1.314267866600476e-15,1.314267866600476e-15
205,85.19038076152304,7.451987195145032e-12,7.433053501605966e-11,6.669957508222731e-07,1.2766876700378192e-15,1.2766876700378192e-15
206,85.41082164328657,7.27667482007517e-12,7.239453551369088e-11,6.496233016478532e-07,1.2421239367781748e-15,1.2421239367781748e-15
207,85.63126252505009,7.116488300993266e-12,7.061860116919036e-11,6.336871771296421e-07,1.2098988170043936e-15,1.2098988170043936e-15
208,85.85170340681363,6.9679019046893646e-12,6.896660213593104e-11,6.188631706118846e-07,1.179000243108734e-15,1.179000243108734e-15
209,86.07214428857716,6.82533247267107e-12,6.738246695659284e-11,6.046481318916831e-07,1.148492640358825e-15,1.148492640358825e-15
210,86.29258517034069,6.6834439745480055e-12,6.58131306457613e-11,5.905658889654112e-07,1.1178615464722626e-15,1.1178615464722626e-15
211,86.51302605210421,6.539169099263062e-12,6.422835265148786e-11,5.763450820258601e-07,1.0871840795571289e-15,1.0871840795571289e-15
212,86.73346693386773,6.39280112156767e-12,6.263112396483602e-11,5.620125503569038e-07,1.057087941655032e-15,1.057087941655032e-15
213,86.95390781563125,6.247888595245963e-12,6.105621679677891e-11,5.478803180407126e-07,1.0285356821238555e-15,1.0285356821238555e-15
214,87.17434869739479,6.110088239713783e-12,5.955860116191799e-11,5.344416516218394e-07,1.0025226440344012e-15,1.0025226440344012e-15
215,87.39478957915831,5.9854483651937944e-12,5.8196499895256845e-11,5.222190064215015e-07,9.797926299986258e-16,9.797926299986258e-16
216,87.61523046092185,5.878716718926185e-12,5.7014936319807656e-11,5.116163935924568e-07,9.606549587086326e-16,9.606549587086326e-16
217,87.83567134268537,5.792179630008154e-12,5.60346695423859e-11,5.028200923809655e-07,9.449418825924602e-16,9.449418825924602e-16
218,88.0561122244489,5.7252992294176774e-12,5.5248997352587836e-11,4.957699613409922e-07,9.320945365519666e-16,9.320945365519666e-16
219,88.27655310621242,5.675121900407857e-12,5.462803079326886e-11,4.901977956572797e-07,9.213269483209225e-16,9.213269483209225e-16
220,88.49699398797596,5.637191539506723e-12,5.412775198595935e-11,4.85708606407804e-07,9.118029391241946e-16,9.118029391241946e-16
221,88.71743486973948,5.606592296120576e-12,5.3700177069062186e-11,4.818718164174321e-07,9.027714290696192e-16,9.027714290696192e-16
222,88.93787575150301,5.578786505480051e-12,5.330141121260641e-11,4.782935409244394e-07,8.936334875281878e-16,8.936334875281878e-16
223,89.15831663326654,5.550065124689375e-12,5.289589102984389e-11,4.7465465632988024e-07,8.839460249273485e-16,8.839460249273485e-16
224,89.37875751503006,5.5176148816913664e-12,5.245692023207573e-11,4.7071560682911753e-07,8.733896565011019e-16,8.733896565011019e-16
225,89.59919839679358,5.479351440466884e-12,5.1964978325065604e-11,4.663012277108149e-07,8.617347292448444e-16,8.617347292448444e-16
226,89.8196392785571,5.4337214917493965e-12,5.140576023047868e-11,4.6128315414533054e-07,8.488298770010676e-16,8.488298770010676e-16
227,90.04008016032064,5.3796314405983465e-12,5.076943944260376e-11,4.5557320921380683e-07,8.346182661825153e-16,8.346182661825153e-16
228,90.26052104208416,5.316549361023718e-12,5.005157316994435e-11,4.4913152608292323e-07,8.191676952969965e-16,8.191676952969965e-16
229,90.4809619238477,5.244707278517884e-12,4.9254936461040266e-11,4.4198300630335653e-07,8.026906898165056e-16,8.026906898165056e-16
230,90.70140280561122,5.165258768677116e-12,4.839091096150656e-11,4.342297816472101e-07,7.855337139879541e-16,7.855337139879541e-16
231,90.92184368737475,5.080253143778055e-12,4.747913933249675e-11,4.2604811307535794e-07,7.681283564157678e-16,7.681283564157678e-16
232,91.14228456913827,4.992365040553987e-12,4.654490423643139e-11,4.176648713939951e-07,7.509147917573571e-16,7.509147917573571e-16
233,91.3627254509018,4.904427526688355e-12,4.561471784895689e-11,4.093179602923307e-07,7.342607615223805e-16,7.342607615223805e-16
234,91.58316633266533,4.818906477176454e-12,4.471143014937395e-11,4.0121242119912027e-07,7.184021714122948e-16,7.184021714122948e-16
235,91.80360721442887,4.737484692700767e-12,4.3850423465786095e-11,3.9348628550995114e-07,7.034233742742608e-16,7.034233742742608e-16
236,92.02404809619239,4.660884874314716e-12,4.3038067286658934e-11,3.861967090321959e-07,6.89280122515786e-16,6.89280122515786e-16
237,92.24448897795591,4.588970038373851e-12,4.227275095674705e-11,3.79329238752642e-07,6.758525165548262e-16,6.758525165548262e-16
238,92.46492985971943,4.521057119064651e-12,4.1547860764205556e-11,3.728245273559939e-07,6.630054364420594e-16,6.630054364420594e-16
239,92.68537074148296,4.4563065859473594e-12,4.085541144939049e-11,3.6661092011447997e-07,6.506336584009281e-16,6.506336584009281e-16
240,92.90581162324649,4.39403646570367e-12,4.0188934596336195e-11,3.606303735071856e-07,6.386777099262752e-16,6.386777099262752e-16
241,93.12625250501003,4.333856422472913e-12,3.9544684108757955e-11,3.54849272408061e-07,6.27110164901303e-16,6.27110164901303e-16
242,93.34669338677355,4.275603055310559e-12,3.892101507560669e-11,3.492528564137264e-07,6.159043003940336e-16,6.159043003940336e-16
243,93.56713426853707,4.21914202542285e-12,3.83165620180846e-11,3.4382887257112844e-07,6.050027158988841e-16,6.050027158988841e-16
244,93.7875751503006,4.1641497740474e-12,3.772825791410219e-11,3.3854979934149487e-07,5.943010322516105e-16,5.943010322516105e-16
245,94.00801603206412,4.109981431650385e-12,3.71501601781707e-11,3.3336231167787293e-07,5.836534614231327e-16,5.836534614231327e-16
246,94.22845691382766,4.055682315187561e-12,3.657358797802036e-11,3.2818851321860606e-07,5.728974846282567e-16,5.728974846282567e-16
247,94.44889779559118,4.0001365170640506e-12,3.5988491017020415e-11,3.2293821888503725e-07,5.618883697938165e-16,5.618883697938165e-16
248,94.66933867735472,3.942297289665805e-12,3.538553337915365e-11,3.175276540035109e-07,5.50532710908281e-16,5.50532710908281e-16
249,94.88977955911824,3.881426596317892e-12,3.475823041328203e-11,3.118986293688272e-07,5.388127378436439e-16,5.388127378436439e-16
250,95.11022044088176,3.8172832565979625e-12,3.410459662960287e-11,3.060333284367989e-07,5.267973819525079e-16,5.267973819525079e-16
251,95.33066132264528,3.750225822147508e-12,3.3428010674522404e-11,2.9996206906799126e-07,5.146396715065838e-16,5.146396715065838e-16
252,95.55110220440882,3.68122146998767e-12,3.273723254266225e-11,2.937634579775144e-07,5.025619708322341e-16,5.025619708322341e-16
253,95.77154308617234,3.6117672010849973e-12,3.2045642473700713e-11,2.875575610711008e-07,4.908312788245633e-16,4.908312788245633e-16
254,95.99198396793588,3.5437357086459357e-12,3.136982349833052e-11,2.814931840987086e-07,4.797272925398987e-16,4.797272925398987e-16
255,96.2124248496994,3.4791620732480927e-12,3.0727640858184713e-11,2.757306385696533e-07,4.695068780063729e-16,4.695068780063729e-16
256,96.43286573146293,3.419994219739183e-12,3.013602844676075e-11,2.70421878657348e-07,4.603697750426428e-16,4.603697750426428e-16
257,96.65330661322645,3.3678394742110846e-12,2.960877125497162e-11,2.6569060225206065e-07,4.5243098114051e-16,4.5243098114051e-16
258,96.87374749498997,3.323746268059806e-12,2.9154626390352566e-11,2.6161539016199213e-07,4.45704560455907e-16,4.45704560455907e-16
259,97.09418837675351,3.288058117461161e-12,2.8776102225139032e-11,2.5821875095138477e-07,4.401015031990572e-16,4.401015031990572e-16
260,97.31462925851703,3.260364421055703e-12,2.846909954211514e-11,2.5546390080771685e-07,4.35441358200727e-16,4.35441358200727e-16
261,97.53507014028057,3.2395527756751743e-12,2.8223441986320746e-11,2.532595234836887e-07,4.3147467551725174e-16,4.3147467551725174e-16
262,97.75551102204409,3.223947215165488e-12,2.8024146225793155e-11,2.514711679256392e-07,4.279116362472649e-16,4.279116362472649e-16
263,97.97595190380761,3.211502418423312e-12,2.7853160383030928e-11,2.4993684787065063e-07,4.2445189384050002e-16,4.2445189384050002e-16
264,98.19639278557113,3.2000185737151594e-12,2.769125779932511e-11,2.484840353037076e-07,4.208113778427294e-16,4.208113778427294e-16
265,98.41683366733467,3.187344500417113e-12,2.751980396194974e-11,2.4694551575764393e-07,4.167431496369564e-16,4.167431496369564e-16
266,98.6372745490982,3.171544872401992e-12,2.732219048156078e-11,2.4517225592982046e-07,4.1205091624070125e-16,4.1205091624070125e-16
267,98.85771543086173,3.151017819014251e-12,2.7084823350631555e-11,2.4304227169547426e-07,4.065952175630532e-16,4.065952175630532e-16
268,99.07815631262525,3.1245595571913668e-12,2.6797643724140278e-11,2.4046530126803154e-07,4.0029343034766975e-16,4.0029343034766975e-16
269,99.29859719438878,3.09138160559374e-12,2.6454235988078158e-11,2.373837749383281e-07,3.931154405886141e-16,3.931154405886141e-16
270,99.5190380761523,3.0510924051389273e-12,2.605163047719805e-11,2.337710447870296e-07,3.850770186685074e-16,3.850770186685074e-16
271,99.73947895791582,3.0036578110689134e-12,2.5589928803073066e-11,2.296280226128672e-07,3.7623258010177615e-16,3.7623258010177615e-16
272,99.95991983967936,2.9493535096517358e-12,2.5071865492653287e-11,2.2497924635110269e-07,3.666682849967483e-16,3.666682849967483e-16
273,100.1803607214429,2.888717699784748e-12,2.450237766127151e-11,2.198690185881171e-07,3.5649561899041954e-16,3.5649561899041954e-16
274,100.40080160320642,2.822506346448944e-12,2.3888202121415645e-11,2.1435779126741598e-07,3.4584502999560856e-16,3.4584502999560856e-16
275,100.62124248496994,2.7516484491883676e-12,2.3237477914308205e-11,2.085185990565153e-07,3.34859066406796e-16,3.34859066406796e-16
276,100.84168336673346,2.6771969369496064e-12,2.2559317200362904e-11,2.0243320878617237e-07,3.2368475664259704e-16,3.2368475664259704e-16
277,101.06212424849699,2.6002723621687597e-12,2.1863321221022502e-11,1.9618817992671074e-07,3.124654790483631e-16,3.124654790483631e-16
278,101.28256513026052,2.5220002963572534e-12,2.1159049738539096e-11,1.8986847493194315e-07,3.013330154496624e-16,3.013330154496624e-16
279,101.50300601202404,2.443447145015501e-12,2.0455484156568957e-11,1.8355510426010414e-07,2.9040065351067984e-16,2.9040065351067984e-16
280,101.72344689378758,2.3655611656278677e-12,1.9760541085025524e-11,1.7731910676546515e-07,2.797580572940659e-16,2.797580572940659e-16
281,101.9438877755511,2.2891250537844627e-12,1.9080688640600965e-11,1.7121852340294602e-07,2.6946827480782795e-16,2.6946827480782795e-16
282,102.16432865731463,2.214724114625027e-12,1.8420697343771388e-11,1.6529616192897378e-07,2.5956688313668073e-16,2.5956688313668073e-16
283,102.38476953907815,2.1427311166557477e-12,1.7783532688663376e-11,1.595786328886432e-07,2.5006303989743867e-16,2.5006303989743867e-16
284,102.60521042084169,2.073306769638855e-12,1.7170378490694615e-11,1.5407655912327924e-07,2.409421617202442e-16,2.409421617202442e-16
285,102.82565130260521,2.006414012453035e-12,1.658077405790066e-11,1.4878580666269966e-07,2.321700209936193e-16,2.321700209936193e-16
286,103.04609218436875,1.9418446578889104e-12,1.6012851499437704e-11,1.4368961418774148e-07,2.2369811643017397e-16,2.2369811643017397e-16
287,103.26653306613227,1.8792575116260453e-12,1.546366441110776e-11,1.3876154245474694e-07,2.154701236430718e-16,2.154701236430718e-16
288,103.48697394789579,1.8182269087553985e-12,1.492959789927235e-11,1.3396915360139887e-07,2.0742903795727725e-16,2.0742903795727725e-16
289,103.70741482965931,1.7582992344440964e-12,1.4406838794517632e-11,1.2927823055886817e-07,1.995243444395906e-16,1.995243444395906e-16
290,103.92785571142284,1.6990526987795655e-12,1.3891866488070443e-11,1.2465718152001547e-07,1.9171831372907837e-16,1.9171831372907837e-16
291,104.14829659318637,1.640153319932396e-12,1.3381906598685095e-11,1.2008111087078868e-07,1.8399045723566563e-16,1.8399045723566563e-16
292,104.3687374749499,1.581398852511611e-12,1.2875280743624925e-11,1.1553495782280177e-07,1.76339361590865e-16,1.76339361590865e-16
293,104.58917835671343,1.5227431337171397e-12,1.237159278994682e-11,1.1101516771936133e-07,1.6878155368613497e-16,1.6878155368613497e-16
294,104.80961923847696,1.4642962321707304e-12,1.1871716576678763e-11,1.0652958186173699e-07,1.6134762915940474e-16,1.6134762915940474e-16
295,105.03006012024048,1.4063003390388037e-12,1.1377587536097502e-11,1.0209556764493283e-07,1.5407645380078635e-16,1.5407645380078635e-16
296,105.250501002004,1.3490863902546774e-12,1.0891841366266262e-11,9.773677622426208e-08,1.4700865371837744e-16,1.4700865371837744e-16
297,105.47094188376754,1.29302054621652e-12,1.0417375520288336e-11,9.347920758595788e-08,1.401807241665966e-16,1.401807241665966e-16
298,105.69138276553106,1.2384516651271173e-12,9.95692417187879e-12,8.934739654608678e-08,1.3362087018312364e-16,1.3362087018312364e-16
299,105.91182364729458,1.1856701579572392e-12,9.512729804548182e-12,8.536146579113387e-08,1.2734720359695332e-16,1.2734720359695332e-16
300,106.13226452905812,1.1348852787179003e-12,9.086366494317557e-12,8.153554012430317e-08,1.2136829981046123e-16,1.2136829981046123e-16
301,106.35270541082164,1.0862229201534442e-12,8.67872922485067e-12,7.787765058599712e-08,1.1568554039415295e-16,1.1568554039415295e-16
302,106.57314629258516,1.0397407708160338e-12,8.290161762639576e-12,7.43908819281486e-08,1.1029629244336078e-16,1.1029629244336078e-16
303,106.7935871743487,9.954537052999046e-13,7.920664372047587e-12,7.107523652299361e-08,1.0519689478650986e-16,1.0519689478650986e-16
304,107.01402805611222,9.533605750036613e-13,7.570110083907849e-12,6.792957502626229e-08,1.0038463384292331e-16,1.0038463384292331e-16
305,107.23446893787575,9.134644667429563e-13,7.2384065350644754e-12,6.49530686270315e-08,9.585830966552525e-17,9.585830966552525e-17
306,107.45490981963928,8.757815276337457e-13,6.925565399424813e-12,6.2145822079863e-08,9.161747212241691e-17,9.161747212241691e-17
307,107.6753507014028,8.403375345956733e-13,6.631674250619021e-12,5.950862121738207e-08,8.76607992280318e-17,8.76607992280318e-17
308,107.89579158316633,8.071552026278664e-13,6.356795832267956e-12,5.704202906277501e-08,8.398428734315062e-17,8.398428734315062e-17
309,108.11623246492987,7.762376667053353e-13,6.100838487111475e-12,5.474522313939871e-08,8.057989165269525e-17,8.057989165269525e-17
310,108.33667334669339,7.475540660584233e-13,5.863444658076761e-12,5.261499494701546e-08,7.743503631310351e-17,7.743503631310351e-17
311,108.55711422845691,7.21031807279165e-13,5.643933026876161e-12,5.0645230748674914e-08,7.453310216749402e-17,7.453310216749402e-17
312,108.77755511022045,6.965575542636835e-13,5.44130952771327e-12,4.882701040103049e-08,7.185470721014172e-17,7.185470721014172e-17
313,108.99799599198397,6.739862440297347e-13,5.254340796398588e-12,4.7149266442140895e-08,6.937940931181682e-17,6.937940931181682e-17
314,109.21843687374749,6.531553480640067e-13,5.081667541166259e-12,4.559980141239611e-08,6.70874210208622e-17,6.70874210208622e-17
315,109.43887775551102,6.339007249539512e-13,4.9219288988709255e-12,4.416640375157999e-08,6.496101622867283e-17,6.496101622867283e-17
316,109.65931863727455,6.160707915819341e-13,4.773872261978309e-12,4.283783331965025e-08,6.298547076793574e-17,6.298547076793574e-17
317,109.87975951903807,5.99536995123336e-13,4.636433176344731e-12,4.160453835093727e-08,6.114954177333815e-17,6.114954177333815e-17
318,110.1002004008016,5.842000809329233e-13,4.5087818323772575e-12,4.045907263760837e-08,5.944559546552028e-17,5.944559546552028e-17
319,110.32064128256513,5.69992826824061e-13,4.390341781370846e-12,3.9396263478722136e-08,5.786951392231756e-17,5.786951392231756e-17
320,110.54108216432866,5.568803886552444e-13,4.280790065803616e-12,3.8413212849418956e-08,5.642045938898445e-17,5.642045938898445e-17
321,110.76152304609218,5.448591428854861e-13,4.180045817134425e-12,3.7509195084474465e-08,5.510048837966193e-17,5.510048837966193e-17
322,110.98196392785572,5.339541838780584e-13,4.088248689497065e-12,3.668546335535561e-08,5.391393542006242e-17,5.391393542006242e-17
323,111.20240480961924,5.242148638775678e-13,4.005722593236873e-12,3.594492423698162e-08,5.286646633838646e-17,5.286646633838646e-17
324,111.42284569138276,5.157073626044195e-13,3.932917206045517e-12,3.529161286413322e-08,5.1963748956630405e-17,5.1963748956630405e-17
325,111.6432865731463,5.085034843413066e-13,3.870321463706371e-12,3.472991664988787e-08,5.120979314111131e-17,5.120979314111131e-17
326,111.86372745490982,5.026657003411178e-13,3.818349552408899e-12,3.426355224981862e-08,5.06051391318286e-17,5.06051391318286e-17
327,112.08416833667334,4.982296471980644e-13,3.777208959400061e-12,3.389438152859497e-08,5.014518017281701e-17,5.014518017281701e-17
328,112.30460921843687,4.951864766839849e-13,3.746768953772164e-12,3.362123138636709e-08,4.981895476322539e-17,4.981895476322539e-17
329,112.5250501002004,4.93468232130899e-13,3.726453468294175e-12,3.343893254530986e-08,4.9608713784907154e-17,4.9608713784907154e-17
330,112.74549098196393,4.929395111541618e-13,3.715182616715027e-12,3.333779476138473e-08,4.9490459102014346e-17,4.9490459102014346e-17
331,112.96593186372745,4.933979665557439e-13,3.711381377344094e-12,3.330368474552256e-08,4.94354852010206e-17,4.94354852010206e-17
332,113.18637274549098,4.945848143382521e-13,3.713063302891811e-12,3.331877732494555e-08,4.9412771027456606e-17,4.9412771027456606e-17
333,113.40681362725451,4.962047557500474e-13,3.717983791862742e-12,3.3362930807657426e-08,4.9391906944411515e-17,4.9391906944411515e-17
334,113.62725450901803,4.979529705241327e-13,3.7238444563847395e-12,3.341552085535001e-08,4.934613723506183e-17,4.934613723506183e-17
335,113.84769539078157,4.995454859114265e-13,3.728520312099547e-12,3.345747914764304e-08,4.9255073061469874e-17,4.9255073061469874e-17
336,114.06813627254509,5.007485561399538e-13,3.730276962001844e-12,3.3473242258087964e-08,4.9106687174437816e-17,4.9106687174437816e-17
337,114.28857715430861,5.014028237037347e-13,3.727946469573246e-12,3.3452329832968405e-08,4.889832515536617e-17,4.889832515536617e-17
338,114.50901803607215,5.014389222484194e-13,3.721037690968375e-12,3.3390334645398134e-08,4.863663083535149e-17,4.863663083535149e-17
339,114.72945891783567,5.008826118960386e-13,3.70976780766185e-12,3.328920555016409e-08,4.8336452350200353e-17,4.8336452350200353e-17
340,114.9498997995992,4.998492075089684e-13,3.6950143469152295e-12,3.31568169445063e-08,4.801893863809067e-17,4.801893863809067e-17
341,115.17034068136273,4.985286432166858e-13,3.6781986665793186e-12,3.300592323142488e-08,4.77091310249597e-17,4.77091310249597e-17
342,115.39078156312625,4.971637363223033e-13,3.661120695567916e-12,3.285267588095614e-08,4.74333899166794e-17,4.74333899166794e-17
343,115.61122244488978,4.960248948527494e-13,3.64576942585412e-12,3.2714922900324026e-08,4.721697427012941e-17,4.721697427012941e-17
344,115.83166332665331,4.953846036001093e-13,3.6341339434133836e-12,3.2610513140272455e-08,4.708202370241544e-17,4.708202370241544e-17
345,116.05210420841684,4.954945888990922e-13,3.6280362266862454e-12,3.255579592991305e-08,4.7046098518212656e-17,4.7046098518212656e-17
346,116.27254509018036,4.965677550552621e-13,3.6290007190501957e-12,3.2564450699219316e-08,4.712133198916298e-17,4.712133198916298e-17
347,116.49298597194388,4.987660011180583e-13,3.638168275375796e-12,3.264671478763081e-08,4.7314159747797485e-17,4.7314159747797485e-17
348,116.71342685370742,5.021940594307196e-13,3.65625492569575e-12,3.280901341423795e-08,4.7625525523212046e-17,4.7625525523212046e-17
349,116.93386773547094,5.068987021803841e-13,3.683550113681244e-12,3.3053943870937386e-08,4.805142632779881e-17,4.805142632779881e-17
350,117.15430861723446,5.128721336904653e-13,3.719945314877559e-12,3.338053232511542e-08,4.858365302505131e-17,4.858365302505131e-17
351,117.374749498998,5.200581538606706e-13,3.764982394290504e-12,3.378466775128959e-08,4.9210598701846827e-17,4.9210598701846827e-17
352,117.59519038076152,5.283597154773055e-13,3.817911492138573e-12,3.4259621362728564e-08,4.991803955843706e-17,4.991803955843706e-17
353,117.81563126252505,5.376467406732261e-13,3.8777501288603855e-12,3.479657698392942e-08,5.068983260094698e-17,5.068983260094698e-17
354,118.03607214428858,5.477634275226809e-13,3.943337977316179e-12,3.538512254312278e-08,5.150851357889984e-17,5.150851357889984e-17
355,118.2565130260521,5.585346841222323e-13,4.013384752885606e-12,3.6013679808955164e-08,5.2355811288259906e-17,5.2355811288259906e-17
356,118.47695390781563,5.697717031501963e-13,4.08651140428106e-12,3.66698740118567e-08,5.32131163944775e-17,5.32131163944775e-17
357,118.69739478957916,5.812769801388334e-13,4.1612868629830865e-12,3.73408636111784e-08,5.406195203277548e-17,5.406195203277548e-17
358,118.91783567134269,5.928492471189382e-13,4.236263779220857e-12,3.8013660968199425e-08,5.488448911514838e-17,5.488448911514838e-17
359,119.13827655310621,6.042888217157464e-13,4.310016824376334e-12,3.8675476048663624e-08,5.566413276969924e-17,5.566413276969924e-17
360,119.35871743486973,6.1540376041852e-13,4.381186294027711e-12,3.9314107690036894e-08,5.638618065060136e-17,5.638618065060136e-17
361,119.57915831663327,6.260169729934057e-13,4.4485280586698916e-12,3.9918391828967206e-08,5.703852357205562e-17,5.703852357205562e-17
362,119.79959919839679,6.359741414984592e-13,4.510968670003288e-12,4.0478695991686594e-08,5.761232977825731e-17,5.761232977825731e-17
363,120.02004008016031,6.45151947589084e-13,4.5676620426296385e-12,4.098742792116014e-08,5.81026322507503e-17,5.81026322507503e-17
364,120.24048096192385,6.534658117188074e-13,4.618042062814156e-12,4.143950765619911e-08,5.850872910294491e-17,5.850872910294491e-17
365,120.46092184368737,6.608761532871566e-13,4.661864186273109e-12,4.183274080476889e-08,5.883431371721329e-17,5.883431371721329e-17
366,120.6813627254509,6.673921444197001e-13,4.699228932267624e-12,4.2168029365732776e-08,5.908727438560852e-17,5.908727438560852e-17
367,120.90180360721443,6.730720788234581e-13,4.730581330265277e-12,4.244936676352864e-08,5.927914012290673e-17,5.927914012290673e-17
368,121.12224448897796,6.780198038098301e-13,4.75668275359363e-12,4.2683585100464676e-08,5.942419441400621e-17,5.942419441400621e-17
369,121.34268537074148,6.82377125173885e-13,4.77855485880227e-12,4.287985210256692e-08,5.953832440963146e-17,5.953832440963146e-17
370,121.56312625250501,6.863126189885446e-13,4.797399018930995e-12,4.304894816260866e-08,5.963771153840571e-17,5.963771153840571e-17
371,121.78356713426854,6.900077835473301e-13,4.8144980727898544e-12,4.320238469775928e-08,5.973749388239119e-17,5.973749388239119e-17
372,122.00400801603206,6.936418523247954e-13,4.8311098135673085e-12,4.335144838097542e-08,5.98505367268573e-17,5.98505367268573e-17
373,122.2244488977956,6.973767975279898e-13,4.84836295508901e-12,4.350626760532573e-08,5.998643453619381e-17,5.998643453619381e-17
374,122.44488977955912,7.013440483645359e-13,4.867166121583629e-12,4.3674995813366293e-08,6.015083772735913e-17,6.015083772735913e-17
375,122.66533066132264,7.056342317032784e-13,4.88813875578587e-12,4.3863191508375786e-08,6.034515629000277e-17,6.034515629000277e-17
376,122.88577154308618,7.102908549432702e-13,4.911570030554388e-12,4.4073449552143537e-08,6.05666464482316e-17,6.05666464482316e-17
377,123.1062124248497,7.153083584661021e-13,4.937408362943365e-12,4.43053070706097e-08,6.080884332686681e-17,6.080884332686681e-17
378,123.32665330661322,7.206344480849558e-13,4.965280530558732e-12,4.4555414992447915e-08,6.106226806363753e-17,6.106226806363753e-17
379,123.54709418837675,7.261761542211242e-13,4.99453621516343e-12,4.481793775635382e-08,6.131531604960782e-17,6.131531604960782e-17
380,123.76753507014028,7.318087160449622e-13,5.024311465363339e-12,4.508512278668516e-08,6.155522552248186e-17,6.155522552248186e-17
381,123.9879759519038,7.373861923457586e-13,5.053603316269032e-12,4.534797008503372e-08,6.17690316629695e-17,6.17690316629695e-17
382,124.20841683366733,7.427526647758571e-13,5.081347667136015e-12,4.5596931056919697e-08,6.194442777890578e-17,6.194442777890578e-17
383,124.42885771543087,7.477530054812563e-13,5.106493356330552e-12,4.5822573215592986e-08,6.207047806073048e-17,6.207047806073048e-17
384,124.64929859719439,7.522423926920725e-13,5.128066915082611e-12,4.6016161242925206e-08,6.21381514123857e-17,6.21381514123857e-17
385,124.86973947895791,7.560940271772024e-13,5.145224392224168e-12,4.6170122033168727e-08,6.214066913983438e-17,6.214066913983438e-17
386,125.09018036072145,7.592047816178643e-13,5.157288589246218e-12,4.627837881776727e-08,6.207367798117686e-17,6.207367798117686e-17
387,125.31062124248497,7.614987634996123e-13,5.163771753777706e-12,4.63365548028676e-08,6.193527254689934e-17,6.193527254689934e-17
388,125.53106212424849,7.629289624084246e-13,5.164385066989525e-12,4.6342058303526796e-08,6.172589744260341e-17,6.172589744260341e-17
389,125.75150300601203,7.634772717615816e-13,5.1590370467957565e-12,4.629406841500894e-08,6.144815995061354e-17,6.144815995061354e-17
390,125.97194388777555,7.631532239296801e-13,5.147823289045574e-12,4.619344295646551e-08,6.110658061818501e-17,6.110658061818501e-17
391,126.19238476953907,7.619917680271348e-13,5.131009869874097e-12,4.6042569533701864e-08,6.07073032022587e-17,6.07073032022587e-17
392,126.4128256513026,7.600503694636147e-13,5.10901236263112e-12,4.584517724982623e-08,6.025777886989984e-17,6.025777886989984e-17
393,126.63326653306613,7.574056399449733e-13,5.0823719231759724e-12,4.5606122109195184e-08,5.976643376647297e-17,5.976643376647297e-17
394,126.85370741482966,7.541496348514021e-13,5.051729396420741e-12,4.533115466524236e-08,5.92423250129913e-17,5.92423250129913e-17
395,127.07414829659318,7.503858967117207e-13,5.0177979945401874e-12,4.502667485131058e-08,5.869478836176478e-17,5.869478836176478e-17
396,127.29458917835672,7.46225288446319e-13,4.9813348556933195e-12,4.4699476765874983e-08,5.813308114313137e-17,5.813308114313137e-17
397,127.51503006012024,7.417816521393747e-13,4.943111735106778e-12,4.435648567210729e-08,5.756602640239212e-17,5.756602640239212e-17
398,127.73547094188376,7.371673470590979e-13,4.903885196356529e-12,4.400449051252302e-08,5.700166759006518e-17,5.700166759006518e-17
399,127.9559118236473,7.324887588378091e-13,4.864366919250189e-12,4.3649877469932e-08,5.644694698441569e-17,5.644694698441569e-17
400,128.1763527054108,7.278419212821696e-13,4.8251950607773165e-12,4.3298372977981794e-08,5.590742428398054e-17,5.590742428398054e-17
401,128.39679358717433,7.233084424081995e-13,4.78690792445898e-12,4.2954807445875984e-08,5.538705365852556e-17,5.538705365852556e-17
402,128.61723446893788,7.189519656821176e-13,4.749921436430935e-12,4.262291314241006e-08,5.4888037314870565e-17,5.4888037314870565e-17
403,128.8376753507014,7.148154157989443e-13,4.714512027117531e-12,4.2305170586498797e-08,5.441077092800957e-17,5.441077092800957e-17
404,129.05811623246493,7.109192678537755e-13,4.680806426523251e-12,4.200271697631398e-08,5.39538910778803e-17,5.39538910778803e-17
405,129.27855711422848,7.072610354928161e-13,4.6487795762009666e-12,4.1715327452554326e-08,5.3514427483860255e-17,5.3514427483860255e-17
406,129.498997995992,7.038160983696243e-13,4.618261350724883e-12,4.1441475412865646e-08,5.308805407969843e-17,5.308805407969843e-17
407,129.71943887775552,7.005398878418441e-13,4.588952107911463e-12,4.1178472050089014e-08,5.266942384309468e-17,5.266942384309468e-17
408,129.93987975951904,6.97371332793116e-13,4.560446321320379e-12,4.092267841598611e-08,5.2252563952178184e-17,5.2252563952178184e-17
409,130.16032064128257,6.942373485564288e-13,4.5322627823989095e-12,4.0669776436959245e-08,5.183130141982849e-17,5.183130141982849e-17
410,130.3807615230461,6.910580463578308e-13,4.503879192137154e-12,4.041507931857794e-08,5.1399685779480365e-17,5.1399685779480365e-17
411,130.6012024048096,6.877522628132221e-13,4.474768484783869e-12,4.015385749256696e-08,5.0952375224367534e-17,5.0952375224367534e-17
412,130.82164328657313,6.842429699621059e-13,4.4444340083582095e-12,3.9881654305374285e-08,5.0484955942244485e-17,5.0484955942244485e-17
413,131.04208416833666,6.804621323091521e-13,4.412440764209626e-12,3.959456634302817e-08,4.999417087118462e-17,4.999417087118462e-17
414,131.26252505010018,6.76354628566875e-13,4.37844027705907e-12,3.928946659979816e-08,4.947804294535618e-17,4.947804294535618e-17
415,131.48296593186373,6.718809464111208e-13,4.342187285170662e-12,3.896415424566939e-08,4.893588802833222e-17,4.893588802833222e-17
416,131.70340681362725,6.670184776249964e-13,4.303547232734249e-12,3.861742185843798e-08,4.836822294675411e-17,4.836822294675411e-17
417,131.92384769539078,6.617613741879066e-13,4.262494417983661e-12,3.8249038806047835e-08,4.7776583192398127e-17,4.7776583192398127e-17
418,132.14428857715433,6.561190576371276e-13,4.219101499867676e-12,3.785965708582236e-08,4.716327201764695e-17,4.716327201764695e-17
419,132.36472945891785,6.501135899067091e-13,4.173521800622605e-12,3.745065251848795e-08,4.653106718865048e-17,4.653106718865048e-17
420,132.58517034068137,6.437762023081215e-13,4.125966389415401e-12,3.7023919110690946e-08,4.588291333342299e-17,4.588291333342299e-17
421,132.8056112224449,6.371433330855855e-13,4.076678249896134e-12,3.6581637250286275e-08,4.522162674097251e-17,4.522162674097251e-17
422,133.02605210420842,6.30252540561537e-13,4.025905909894943e-12,3.612603707523712e-08,4.454963604449795e-17,4.454963604449795e-17
423,133.24649298597194,6.231386403256631e-13,3.973878761648998e-12,3.565917701230511e-08,4.386877707331817e-17,4.386877707331817e-17
424,133.46693386773546,6.158303669304054e-13,3.920785965961014e-12,3.518275447576795e-08,4.318015399670913e-17,4.318015399670913e-17
425,133.68737474949899,6.083477912689107e-13,3.866760368315041e-12,3.4697961540400715e-08,4.2484072413101347e-17,4.2484072413101347e-17
426,133.9078156312625,6.007006433918847e-13,3.811868319504348e-12,3.420539359796648e-08,4.1780043876221205e-17,4.1780043876221205e-17
427,134.12825651302603,5.928876058943181e-13,3.756105745465171e-12,3.370501409028879e-08,4.1066855971124974e-17,4.1066855971124974e-17
428,134.34869739478958,5.848965628760428e-13,3.699400299691815e-12,3.3196173823718915e-08,4.0342697771272004e-17,4.0342697771272004e-17
429,134.5691382765531,5.767057197428936e-13,3.6416189934353935e-12,3.267767943791009e-08,3.9605327480526655e-17,3.9605327480526655e-17
430,134.78957915831663,5.682854536271022e-13,3.5825803569935888e-12,3.21479025338533e-08,3.885226731711566e-17,3.885226731711566e-17
431,135.01002004008018,5.596007149078935e-13,3.522069950429141e-12,3.160491885765457e-08,3.808101015765608e-17,3.808101015765608e-17
432,135.2304609218437,5.506137775453855e-13,3.4598579143997247e-12,3.104666579103402e-08,3.7289222991561025e-17,3.7289222991561025e-17
433,135.45090180360722,5.412871288591711e-13,3.3957172244021754e-12,3.0471106153838424e-08,3.6474933666837646e-17,3.6474933666837646e-17
434,135.67134268537075,5.315862963646702e-13,3.329441372837094e-12,2.987638687216114e-08,3.563668954950443e-17,3.563668954950443e-17
435,135.89178356713427,5.214824282529813e-13,3.260860338490821e-12,2.9260982278784487e-08,3.4773679378493094e-17,3.4773679378493094e-17
436,136.1122244488978,5.10954472762335e-13,3.189853896744603e-12,2.8623813550921322e-08,3.3885812585070436e-17,3.3885812585070436e-17
437,136.3326653306613,4.999908376266023e-13,3.1163615600582306e-12,2.7964337910084256e-08,3.2973753472330716e-17,3.2973753472330716e-17
438,136.55310621242484,4.88590451518366e-13,3.04038870091717e-12,2.728260356569834e-08,3.2038910731882417e-17,3.2038910731882417e-17
439,136.77354709418836,4.767631923989639e-13,2.9620086823225577e-12,2.6579327967702688e-08,3.1083385634578724e-17,3.1083385634578724e-17
440,136.9939879759519,4.645296903905279e-13,2.881361088028544e-12,2.585564377618101e-08,3.010988470675591e-17,3.010988470675591e-17
441,137.21442885771543,4.519205526797764e-13,2.7986463906065563e-12,2.5113410614053875e-08,2.9121604652474884e-17,2.9121604652474884e-17
442,137.43486973947896,4.3897509268654513e-13,2.7141176057655458e-12,2.43548988958374e-08,2.8122098598722597e-17,2.8122098598722597e-17
443,137.65531062124248,4.257396732188092e-13,2.628069644018813e-12,2.3582754975440304e-08,2.7115133360506314e-17,2.7115133360506314e-17
444,137.87575150300603,4.1226579199416775e-13,2.5408271766843386e-12,2.2799892262770493e-08,2.610454733276994e-17,2.610454733276994e-17
445,138.09619238476955,3.9860804675698084e-13,2.4527318772239406e-12,2.2009376734998688e-08,2.509411785552802e-17,2.509411785552802e-17
446,138.31663326653307,3.848221160072977e-13,2.3641298804964482e-12,2.1214314403254686e-08,2.408744555733277e-17,2.408744555733277e-17
447,138.5370741482966,3.7096288059622557e-13,2.2753602257671477e-12,2.041774760697516e-08,2.3087861392438056e-17,2.3087861392438056e-17
448,138.75751503006012,3.570827923756036e-13,2.1867449228189215e-12,1.9622565873013675e-08,2.2098360011045434e-17,2.2098360011045434e-17
449,138.97795591182364,3.4323057057918357e-13,2.09858111642035e-12,1.8831435604174888e-08,2.1121560917107592e-17,2.1121560917107592e-17
450,139.19839679358716,3.29450276959361e-13,2.0111356373666714e-12,1.804585338236435e-08,2.01596967501101e-17,2.01596967501101e-17
451,139.4188376753507,3.1578078943526315e-13,1.9246420340880514e-12,1.7269749148379362e-08,1.9214626135356288e-17,1.9214626135356288e-17
452,139.6392785571142,3.022556636425871e-13,1.8392999928515597e-12,1.6503977842411194e-08,1.8287867011244043e-17,1.8287867011244043e-17
453,139.85971943887776,2.889033446063076e-13,1.75527689067184e-12,1.5750041332861782e-08,1.7380645253069622e-17,1.7380645253069622e-17
454,140.08016032064128,2.757476686638111e-13,1.6727110942452555e-12,1.5009181179509248e-08,1.6493952818669306e-17,1.6493952818669306e-17
455,140.3006012024048,2.628085800841334e-13,1.5917165281046108e-12,1.4282419623408495e-08,1.5628609545500823e-17,1.5628609545500823e-17
456,140.52104208416833,2.5010297827516177e-13,1.5123879894497384e-12,1.3570607276690029e-08,1.4785323094739225e-17,1.4785323094739225e-17
457,140.74148296593188,2.3764561013096123e-13,1.4348066855685243e-12,1.2874472809655168e-08,1.3964742294917103e-17,1.3964742294917103e-17
458,140.9619238476954,2.2544992744533716e-13,1.3590455087144675e-12,1.2194670282077357e-08,1.3167500189772906e-17,1.3167500189772906e-17
459,141.18236472945893,2.135288404077372e-13,1.2851736361143729e-12,1.1531820418918694e-08,1.2394244331527918e-17,1.2394244331527918e-17
460,141.40280561122245,2.018953136336863e-13,1.2132601406832736e-12,1.0886543009155237e-08,1.1645653166395079e-17,1.1645653166395079e-17
461,141.62324649298597,1.9056276936348852e-13,1.1433764110280293e-12,1.025324633971129e-08,1.0922438623424196e-17,1.0922438623424196e-17
462,141.8436873747495,1.7954528170801414e-13,1.0755972971163485e-12,9.645436046512248e-09,1.0225336144032122e-17,1.0225336144032122e-17
463,142.06412825651302,1.6885756450770735e-13,1.0100010108019528e-12,9.057200294869438e-09,9.555084301074392e-18,9.555084301074392e-18
464,142.28456913827654,1.5851477206444322e-13,9.46667909730209e-13,8.489259693259017e-09,8.912396800922928e-18,8.912396800922928e-18
465,142.50501002004006,1.4853214555532363e-13,8.856783723517579e-13,7.942335036728773e-09,8.29793001411903e-18,8.29793001411903e-18
466,142.7254509018036,1.389245475469271e-13,8.271100264162642e-13,7.417122453371283e-09,7.712249240514842e-18,7.712249240514842e-18
467,142.94589178356713,1.2970593229239955e-13,7.710346213725022e-13,6.914265357521433e-09,7.155796708069197e-18,7.155796708069197e-18
468,143.16633266533066,1.2088880039703452e-13,7.175148368846835e-13,6.4343258300752824e-09,6.6288638750793005e-18,6.6288638750793005e-18
469,143.3867735470942,1.1248368332662588e-13,6.666012976424121e-13,5.977757848750395e-09,6.131570012338151e-18,6.131570012338151e-18
470,143.60721442885773,1.0449869675344228e-13,6.183300229843277e-13,5.544884417544833e-09,5.663848351217998e-18,5.663848351217998e-18
471,143.82765531062125,9.693919275614243e-14,5.727204840080019e-13,5.135880143838973e-09,5.2254403642421036e-18,5.2254403642421036e-18
472,144.04809619238478,8.98075304099081e-14,5.297743769029814e-13,4.7507602382398305e-09,4.815898060013876e-18,4.815898060013876e-18
473,144.2685370741483,8.310297335058869e-14,4.894751554046579e-13,4.389376321853637e-09,4.434593578405975e-18,4.434593578405975e-18
474,144.48897795591182,7.682171244061069e-14,4.5178830325125366e-13,4.0514188695482305e-09,4.0807349051293096e-18,4.0807349051293096e-18
475,144.70941883767534,7.095700253269271e-14,4.1666227413725866e-13,3.73642563900061e-09,3.753386211845771e-18,3.753386211845771e-18
476,144.92985971943887,6.549939514756751e-14,3.8402998544288514e-13,3.4437950657398294e-09,3.451491177127378e-18,3.451491177127378e-18
477,145.1503006012024,6.043704404353732e-14,3.5381072507587963e-13,3.1728033627815753e-09,3.173897647671824e-18,3.173897647671824e-18
478,145.3707414829659,5.575605829900602e-14,3.259123186928955e-13,2.9226239552206673e-09,2.9193821380922277e-18,2.9193821380922277e-18
479,145.59118236472946,5.1440877558086595e-14,3.0023340658664966e-13,2.692347898253214e-09,2.6866729114327398e-18,2.6866729114327398e-18
480,145.81162324649299,4.7474646204762614e-14,2.7666569367561116e-13,2.4810040539953064e-09,2.4744706956553e-18,2.4744706956553e-18
481,146.0320641282565,4.383956698117614e-14,2.550960595033872e-13,2.2875780129364234e-09,2.281466436272319e-18,2.281466436272319e-18
482,146.25250501002006,4.051721940451015e-14,2.3540844463305783e-13,2.1110290102109313e-09,2.106355826623389e-18,2.106355826623389e-18
483,146.47294589178358,3.748883368721089e-14,2.1748546186719302e-13,1.9503043742394913e-09,1.947850664657547e-18,1.947850664657547e-18
484,146.6933867735471,3.473551617571014e-14,2.0120971210547589e-13,1.804351326703432e-09,1.8046873354557898e-18,1.8046873354557898e-18
485,146.91382765531063,3.2238427117362437e-14,1.8646481262557345e-13,1.6721262036699863e-09,1.6756328976260608e-18,1.6756328976260608e-18
486,147.13426853707415,2.997891547915176e-14,1.731361680829747e-13,1.5526013695457295e-09,1.5594893534205166e-18,1.5594893534205166e-18
487,147.35470941883767,2.793861834144932e-14,1.6111153030804735e-13,1.4447702370656787e-09,1.455096709369531e-18,1.455096709369531e-18
488,147.5751503006012,2.6099533979166845e-14,1.502814015776018e-13,1.347650883637527e-09,1.3613353955400476e-18,1.3613353955400476e-18
489,147.79559118236472,2.4444078151846367e-14,1.405393377386097e-13,1.260288769608457e-09,1.277128521227029e-18,1.277128521227029e-18
490,148.01603206412824,2.2955132491784042e-14,1.317822032591784e-13,1.1817590254388557e-09,1.2014443198119841e-18,1.2014443198119841e-18
491,148.23647294589176,2.1616092422116252e-14,1.239104213094164e-13,1.1111686943064919e-09,1.133298993273826e-18,1.133298993273826e-18
492,148.4569138276553,2.041092001889563e-14,1.1682824991272035e-13,1.0476592084976213e-09,1.0717600239783698e-18,1.0717600239783698e-18
493,148.67735470941884,1.9324204931216933e-14,1.1044410169476739e-13,9.904092567612145e-10,1.0159498919970269e-18,1.0159498919970269e-18
494,148.89779559118236,1.8341234156121653e-14,1.0467091132522378e-13,9.386380793483824e-10,9.650500309771e-19,9.650500309771e-19
495,149.1182364729459,1.7448069357899804e-14,9.942654269150248e-14,8.916091193495903e-10,9.183047812760104e-19,9.183047812760104e-19
496,149.33867735470943,1.663162869899856e-14,9.463421813745075e-14,8.48633871899488e-10,8.750250585410433e-19,8.750250585410433e-19
497,149.55911823647295,1.587976892537751e-14,9.022294535165585e-14,8.090757123046503e-10,8.345914484912209e-19,8.345914484912209e-19
498,149.77955911823648,1.5181362773766698e-14,8.61279139459903e-14,7.723534523680546e-10,7.964564607773213e-19,7.964564607773213e-19
499,150.0,1.4526366635896964e-14,8.229083334370545e-14,7.379443704059901e-10,7.601457208149364e-19,7.601457208149364e-19
